County,Populations
Autauga County,55246
Baldwin County,195540
Barbour County,27076
Bibb County,22512
Blount County,57872
Bullock County,10639
Butler County,20265
Calhoun County,116736
Chambers County,34162
Cherokee County,26203
Chilton County,43951
Choctaw County,13426
Clarke County,25207
Clay County,13486
Cleburne County,14994
Coffee County,50938
Colbert County,54520
Conecuh County,12887
Coosa County,10898
Covington County,37886
Crenshaw County,13986
Cullman County,80811
Dale County,49884
Dallas County,41996
DeKalb County,71013
Elmore County,80902
Escambia County,37983
Etowah County,103931
Fayette County,16909
Franklin County,31532
Geneva County,26727
Greene County,8744
Hale County,15406
Henry County,17296
Houston County,103668
Jackson County,52951
Jefferson County,659479
Lamar County,14236
Lauderdale County,92797
Lawrence County,33587
Lee County,150933
Limestone County,88845
Lowndes County,10703
Macon County,19688
Madison County,346892
Marengo County,20155
Marion County,30334
Marshall County,94760
Mobile County,414079
Monroe County,22236
Montgomery County,226659
Morgan County,119787
Perry County,10020
Pickens County,19401
Pike County,33339
Randolph County,22727
Russell County,59585
St. Clair County,86308
Shelby County,204180
Sumter County,13361
Talladega County,81096
Tallapoosa County,41203
Tuscaloosa County,200821
Walker County,65998
Washington County,16877
Wilcox County,11307
Winston County,24146
Aleutians East Borough[d],3092
Aleutians West Census Area[e],5511
"Anchorage, Municipality of[d][f]",300950
Bethel Census Area[e],17758
Bristol Bay Borough[d],960
Denali Borough[d],1867
Dillingham Census Area[e],5010
Fairbanks North Star Borough[d],100436
Haines Borough[d],2592
Hoonah–Angoon Census Area[e],2145
"Juneau, City and Borough of[d][g]",32660
Kenai Peninsula Borough[d],57147
Ketchikan Gateway Borough[d],13729
Kodiak Island Borough[d],14135
Lake and Peninsula Borough[d],1648
Matanuska-Susitna Borough[d],95192
Nome Census Area[e],9892
North Slope Borough[d],9686
Northwest Arctic Borough[d],7685
Petersburg Borough[d][h],3774
Prince of Wales – Hyder Census Area[e],5786
"Sitka, City and Borough of[d][i]",9020
"Skagway, Municipality of[d]",995
Southeast Fairbanks Census Area[e],6985
Valdez–Cordova Census Area[e],9763
Kusilvak Census Area[e],7977
"Wrangell, City and Borough of[d]",2400
"Yakutat, City and Borough of[d][j]",642
Yukon–Koyukuk Census Area[e],5695
Eastern District[12],23030
Manu'a District[12],1143
Rose Atoll (Rose Island)[12],0
Swains Island[12],17
Western District[12],31329
Apache County,71934
Cochise County,129473
Coconino County,136539
Gila County,53053
Graham County,37482
Greenlee County,9049
La Paz County,20324
Maricopa County,4009412
Mohave County,203030
Navajo County,107322
Pima County,996554
Pinal County,389350
Santa Cruz County,46768
Yavapai County,215133
Yuma County,201201
Arkansas County,18777
Ashley County,21283
Baxter County,40957
Benton County,237297
Boone County,37396
Bradley County,11249
Calhoun County,5241
Carroll County,27808
Chicot County,11335
Clark County,22743
Clay County,15402
Cleburne County,25686
Cleveland County,8593
Columbia County,24164
Conway County,21245
Craighead County,101488
Crawford County,61640
Crittenden County,49746
Cross County,17548
Dallas County,7933
Desha County,12505
Drew County,18785
Faulkner County,119580
Franklin County,18034
Fulton County,12304
Garland County,97173
Grant County,18019
Greene County,43097
Hempstead County,22474
Hot Spring County,33500
Howard County,13581
Independence County,36997
Izard County,13368
Jackson County,17615
Jefferson County,73191
Johnson County,25846
Lafayette County,7252
Lawrence County,17011
Lee County,10015
Lincoln County,14031
Little River County,12730
Logan County,22082
Lonoke County,70753
Madison County,15701
Marion County,16430
Miller County,43402
Mississippi County,44765
Monroe County,7682
Montgomery County,9226
Nevada County,8799
Newton County,8064
Ouachita County,25002
Perry County,10345
Phillips County,20399
Pike County,11177
Poinsett County,24145
Polk County,20406
Pope County,62547
Prairie County,8374
Pulaski County,391284
Randolph County,17692
St. Francis County,27260
Saline County,114404
Scott County,10950
Searcy County,8023
Sebastian County,127342
Sevier County,17366
Sharp County,17049
Stone County,12581
Union County,40694
Van Buren County,16932
Washington County,216410
White County,78483
Woodruff County,7072
Yell County,21893
Alameda County,1578891
Alpine County,1159
Amador County,36519
Butte County,222090
Calaveras County,44515
Colusa County,21358
Contra Costa County,1094205
Del Norte County,27873
El Dorado County,181737
Fresno County,955272
Glenn County,27940
Humboldt County,134493
Imperial County,176584
Inyo County,18467
Kern County,864124
Kings County,150960
Lake County,63860
Lassen County,32163
Los Angeles County,10017068
Madera County,152389
Marin County,258365
Mariposa County,17755
Mendocino County,87192
Merced County,263228
Modoc County,9147
Mono County,14074
Monterey County,428826
Napa County,140326
Nevada County,98200
Orange County,3114363
Placer County,367309
Plumas County,18859
Riverside County,2292507
Sacramento County,1462131
San Benito County,57600
San Bernardino County,2088371
San Diego County,3211252
"San Francisco, City and County of[k]",837442
San Joaquin County,704379
San Luis Obispo County,276443
San Mateo County,747373
Santa Barbara County,435697
Santa Clara County,1862041
Santa Cruz County,269419
Shasta County,178980
Sierra County,3047
Siskiyou County,43799
Solano County,424788
Sonoma County,495025
Stanislaus County,525491
Sutter County,95350
Tehama County,63057
Trinity County,13448
Tulare County,454143
Tuolumne County,53874
Ventura County,839620
Yolo County,204593
Yuba County,73340
Adams County,Colorado
Alamosa County,16253
Arapahoe County,607070
Archuleta County,12194
Baca County,3682
Bent County,5688
Boulder County,310048
"Broomfield, City and County of[l]",59471
Chaffee County,18510
Cheyenne County,1890
Clear Creek County,9031
Conejos County,8277
Costilla County,3518
Crowley County,5322
Custer County,4285
Delta County,30483
"Denver, City and County of[m]",649495
Dolores County,2029
Douglas County,305963
Eagle County,52460
Elbert County,23733
El Paso County,655044
Fremont County,46451
Garfield County,57302
Gilpin County,5601
Grand County,14289
Gunnison County,15507
Hinsdale County,813
Huerfano County,6519
Jackson County,1365
Jefferson County,551798
Kiowa County,1423
Kit Carson County,8037
Lake County,7306
La Plata County,53284
Larimer County,315988
Las Animas County,14446
Lincoln County,5430
Logan County,22450
Mesa County,147554
Mineral County,721
Moffat County,13103
Montezuma County,25642
Montrose County,40713
Morgan County,28404
Otero County,18703
Ouray County,4557
Park County,16121
Phillips County,4356
Pitkin County,17379
Prowers County,12291
Pueblo County,161451
Rio Blanco County,6807
Rio Grande County,11803
Routt County,23513
Saguache County,6208
San Juan County,692
San Miguel County,7678
Sedgwick County,2360
Summit County,28649
Teller County,23275
Washington County,4803
Weld County,269785
Yuma County,10151
Fairfield County[n],939904
Hartford County[n],898272
Litchfield County[n],186924
Middlesex County[n],165562
New Haven County[n],862287
New London County[n],274150
Tolland County[n],151377
Windham County[n],117604
Kent County,Delaware
New Castle County,549684
Sussex County,206649
District of Columbia[o],646449
Alachua County,253451
Baker County,27013
Bay County,174987
Bradford County,26850
Brevard County,550823
Broward County,1838844
Calhoun County,14682
Charlotte County,164736
Citrus County,139271
Clay County,196399
Collier County,339642
Columbia County,67543
DeSoto County,34517
Dixie County,15940
Duval County,885855
Escambia County,305817
Flagler County,99956
Franklin County,11598
Gadsden County,46194
Gilchrist County,16931
Glades County,13345
Gulf County,15829
Hamilton County,14354
Hardee County,27519
Hendry County,37471
Hernando County,174441
Highlands County,97616
Hillsborough County,1291578
Holmes County,19717
Indian River County,141994
Jackson County,48922
Jefferson County,14194
Lafayette County,8848
Lake County,308034
Lee County,661115
Leon County,281845
Levy County,39644
Liberty County,8349
Madison County,18728
Manatee County,342106
Marion County,337362
Martin County,151263
Miami-Dade County,2617176
Monroe County,76351
Nassau County,75710
Okaloosa County,193811
Okeechobee County,39330
Orange County,1225267
Osceola County,298504
Palm Beach County,1372171
Pasco County,475502
Pinellas County,929048
Polk County,623009
Putnam County,72577
St. Johns County,209647
St. Lucie County,286832
Santa Rosa County,161096
Sarasota County,390429
Seminole County,436041
Sumter County,107056
Suwannee County,43734
Taylor County,22857
Union County,15136
Volusia County,500800
Wakulla County,31022
Walton County,59807
Washington County,24624
Appling County,18440
Atkinson County,8290
Bacon County,11216
Baker County,3341
Baldwin County,46039
Banks County,18415
Barrow County,71453
Bartow County,101273
Ben Hill County,17515
Berrien County,19048
Bibb County,154721
Bleckley County,12771
Brantley County,18292
Brooks County,15516
Bryan County,33157
Bulloch County,71214
Burke County,22923
Butts County,23361
Calhoun County,6523
Camden County,51476
Candler County,10937
Carroll County,112355
Catoosa County,65311
Charlton County,13255
Chatham County,278434
Chattahoochee County,12842
Chattooga County,25138
Cherokee County,225106
Clarke County,121265
Clay County,3045
Clayton County,264220
Clinch County,6795
Cobb County,717190
Coffee County,43220
Colquitt County,46275
Columbia County,135416
Cook County,17066
Coweta County,133180
Crawford County,12504
Crisp County,23336
Dade County,16507
Dawson County,22686
Decatur County,27359
DeKalb County,713340
Dodge County,21221
Dooly County,14304
Dougherty County,92969
Douglas County,136379
Early County,10542
Echols County,4057
Effingham County,54456
Elbert County,19599
Emanuel County,22867
Evans County,10833
Fannin County,23760
Fayette County,108365
Floyd County,95821
Forsyth County,195405
Franklin County,22009
Fulton County,1010562
Gilmer County,28579
Glascock County,3102
Glynn County,81508
Gordon County,55757
Grady County,25278
Greene County,16321
Gwinnett County,859304
Habersham County,43300
Hall County,187745
Hancock County,8879
Haralson County,28495
Harris County,32663
Hart County,25446
Heard County,11558
Henry County,211128
Houston County,147658
Irwin County,9427
Jackson County,61044
Jasper County,13601
Jeff Davis County,15004
Jefferson County,16320
Jenkins County,9269
Johnson County,9767
Jones County,28569
Lamar County,17959
Lanier County,10408
Laurens County,47999
Lee County,29071
Liberty County,64135
Lincoln County,7751
Long County,16624
Lowndes County,112916
Lumpkin County,30918
McDuffie County,21565
McIntosh County,14007
Macon County,14009
Madison County,28057
Marion County,8640
Meriwether County,21232
Miller County,5932
Mitchell County,23045
Monroe County,26984
Montgomery County,9021
Morgan County,17781
Murray County,39267
Muscogee County,202824
Newton County,102446
Oconee County,34035
Oglethorpe County,14548
Paulding County,146950
Peach County,27014
Pickens County,29584
Pierce County,18938
Pike County,17796
Polk County,41183
Pulaski County,11542
Putnam County,21371
Quitman County,2367
Rabun County,16235
Randolph County,7197
Richmond County,202003
Rockdale County,86919
Schley County,5089
Screven County,14240
Seminole County,8945
Spalding County,63829
Stephens County,25683
Stewart County,5868
Sumter County,31364
Talbot County,6456
Taliaferro County,1703
Tattnall County,25526
Taylor County,8464
Telfair County,16591
Terrell County,9022
Thomas County,44869
Tift County,40286
Toombs County,27273
Towns County,10771
Treutlen County,6712
Troup County,69053
Turner County,8134
Twiggs County,8481
Union County,21566
Upson County,26566
Walker County,68198
Walton County,85754
Ware County,35709
Warren County,5558
Washington County,20676
Wayne County,30077
Webster County,2719
Wheeler County,7909
White County,27797
Whitfield County,102945
Wilcox County,8960
Wilkes County,10010
Wilkinson County,9432
Worth County,21291
Guam[9],162742
Hawaii County,190821
"Honolulu, City and County of[p]",983429
Kalawao County,90
Kauai County,69512
Maui County,160202
Ada County,416464
Adams County,3828
Bannock County,83249
Bear Lake County,5943
Benewah County,9044
Bingham County,45290
Blaine County,21329
Boise County,6795
Bonner County,40699
Bonneville County,107517
Boundary County,10853
Butte County,2642
Camas County,1042
Canyon County,198871
Caribou County,6808
Cassia County,23331
Clark County,867
Clearwater County,8577
Custer County,4249
Elmore County,26170
Franklin County,12854
Fremont County,12927
Gem County,16686
Gooding County,15080
Idaho County,16116
Jefferson County,26914
Jerome County,22514
Kootenai County,144265
Latah County,38078
Lemhi County,7712
Lewis County,3902
Lincoln County,5315
Madison County,37450
Minidoka County,20292
Nez Perce County,39915
Oneida County,4275
Owyhee County,11472
Payette County,22610
Power County,7719
Shoshone County,12690
Teton County,10275
Twin Falls County,79957
Valley County,9606
Washington County,9944
Adams County,67130
Alexander County,7629
Bond County,17470
Boone County,53957
Brown County,6860
Bureau County,34056
Calhoun County,5059
Carroll County,14910
Cass County,13324
Champaign County,204897
Christian County,34298
Clark County,16182
Clay County,13566
Clinton County,37907
Coles County,53697
Cook County,5240700
Crawford County,19505
Cumberland County,10939
DeKalb County,104741
De Witt County,16420
Douglas County,19887
DuPage County,932126
Edgar County,17960
Edwards County,6672
Effingham County,34307
Fayette County,22060
Ford County,13832
Franklin County,39202
Fulton County,36346
Gallatin County,5415
Greene County,13629
Grundy County,50228
Hamilton County,8368
Hancock County,18618
Hardin County,4181
Henderson County,6990
Henry County,49860
Iroquois County,28982
Jackson County,59814
Jasper County,9592
Jefferson County,38644
Jersey County,22641
Jo Daviess County,22407
Johnson County,12677
Kane County,523643
Kankakee County,112120
Kendall County,119348
Knox County,52078
Lake County,703019
LaSalle County,112183
Lawrence County,16558
Lee County,34858
Livingston County,38186
Logan County,29964
McDonough County,32464
McHenry County,307409
McLean County,174647
Macon County,109278
Macoupin County,46880
Madison County,267225
Marion County,38622
Marshall County,12153
Mason County,14248
Massac County,15073
Menard County,12607
Mercer County,16178
Monroe County,33493
Montgomery County,29654
Morgan County,35067
Moultrie County,14876
Ogle County,52385
Peoria County,188429
Perry County,21887
Piatt County,16433
Pike County,16150
Pope County,4312
Pulaski County,5908
Putnam County,5801
Randolph County,32890
Richland County,16182
Rock Island County,147258
St. Clair County,266955
Saline County,24939
Sangamon County,199145
Schuyler County,7444
Scott County,5222
Shelby County,22119
Stark County,5907
Stephenson County,46740
Tazewell County,136352
Union County,17583
Vermilion County,80329
Wabash County,11665
Warren County,17726
Washington County,14448
Wayne County,16612
White County,14549
Whiteside County,57557
Will County,682829
Williamson County,66924
Winnebago County,290666
Woodford County,39273
Adams County,34614
Allen County,363014
Bartholomew County,79587
Benton County,8767
Blackford County,12481
Boone County,60477
Brown County,15023
Carroll County,20086
Cass County,38463
Clark County,112938
Clay County,26803
Clinton County,32916
Crawford County,10621
Daviess County,32407
Dearborn County,49904
Decatur County,26277
DeKalb County,42307
Delaware County,117484
Dubois County,42361
Elkhart County,200563
Fayette County,23861
Floyd County,76244
Fountain County,16880
Franklin County,22951
Fulton County,20449
Gibson County,33612
Grant County,69126
Greene County,32781
Hamilton County,296693
Hancock County,71575
Harrison County,39163
Hendricks County,153879
Henry County,49044
Howard County,82760
Huntington County,36791
Jackson County,43466
Jasper County,33389
Jay County,21330
Jefferson County,32458
Jennings County,28241
Johnson County,145535
Knox County,37954
Kosciusko County,77963
LaGrange County,37996
Lake County,491456
LaPorte County,111281
Lawrence County,45844
Madison County,130482
Marion County,928281
Marshall County,47109
Martin County,10160
Miami County,36140
Monroe County,141888
Montgomery County,38177
Morgan County,69782
Newton County,14087
Noble County,47570
Ohio County,5994
Orange County,19773
Owen County,21201
Parke County,17202
Perry County,19558
Pike County,12683
Porter County,166557
Posey County,25486
Pulaski County,13007
Putnam County,37505
Randolph County,25627
Ripley County,28419
Rush County,17004
St. Joseph County,266709
Scott County,23972
Shelby County,44729
Spencer County,20944
Starke County,23197
Steuben County,34358
Sullivan County,21223
Switzerland County,10526
Tippecanoe County,180174
Tipton County,15650
Union County,7277
Vanderburgh County,181398
Vermillion County,15878
Vigo County,108291
Wabash County,32358
Warren County,8415
Warrick County,61049
Washington County,27780
Wayne County,67893
Wells County,27814
White County,24466
Whitley County,33294
Adair County,7472
Adams County,3894
Allamakee County,14169
Appanoose County,12692
Audubon County,5873
Benton County,25699
Black Hawk County,132546
Boone County,26364
Bremer County,24624
Buchanan County,20976
Buena Vista County,20567
Butler County,15021
Calhoun County,9926
Carroll County,20598
Cass County,13598
Cedar County,18393
Cerro Gordo County,43575
Cherokee County,11945
Chickasaw County,12321
Clarke County,9325
Clay County,16491
Clayton County,17773
Clinton County,48420
Crawford County,17434
Dallas County,74641
Davis County,8791
Decatur County,8136
Delaware County,17534
Des Moines County,40480
Dickinson County,16955
Dubuque County,95697
Emmet County,9996
Fayette County,20502
Floyd County,16092
Franklin County,10548
Fremont County,7080
Greene County,9139
Grundy County,12314
Guthrie County,10687
Hamilton County,15312
Hancock County,11094
Hardin County,17441
Harrison County,14431
Henry County,20222
Howard County,9526
Humboldt County,9688
Ida County,7141
Iowa County,16330
Jackson County,19587
Jasper County,36641
Jefferson County,16810
Johnson County,139155
Jones County,20611
Keokuk County,10329
Kossuth County,15321
Lee County,35682
Linn County,216111
Louisa County,11282
Lucas County,8746
Lyon County,11712
Madison County,15448
Mahaska County,22417
Marion County,33252
Marshall County,40994
Mills County,14896
Mitchell County,10709
Monona County,9121
Monroe County,8012
Montgomery County,10424
Muscatine County,42836
O'Brien County,14044
Osceola County,6211
Page County,15713
Palo Alto County,9185
Plymouth County,24957
Pocahontas County,7154
Polk County,451677
Pottawattamie County,92728
Poweshiek County,18601
Ringgold County,5072
Sac County,10071
Scott County,170385
Shelby County,11961
Sioux County,34547
Story County,92406
Tama County,17576
Taylor County,6161
Union County,12583
Van Buren County,7436
Wapello County,35391
Warren County,47336
Washington County,22015
Wayne County,6402
Webster County,37044
Winnebago County,10554
Winneshiek County,20994
Woodbury County,102130
Worth County,7541
Wright County,12972
Allen County,13124
Anderson County,7897
Atchison County,16749
Barber County,4947
Barton County,27509
Bourbon County,14852
Brown County,9997
Butler County,65803
Chase County,2700
Chautauqua County,3552
Cherokee County,20978
Cheyenne County,2694
Clark County,2193
Clay County,8406
Cloud County,9292
Coffey County,8412
Comanche County,1955
Cowley County,36204
Crawford County,39278
Decatur County,2930
Dickinson County,19609
Doniphan County,7851
Douglas County,114322
Edwards County,2945
Elk County,2655
Ellis County,29061
Ellsworth County,6398
Finney County,37098
Ford County,34819
Franklin County,25740
Geary County,37384
Gove County,2769
Graham County,2593
Grant County,7950
Gray County,6009
Greeley County,1290
Greenwood County,6424
Hamilton County,2609
Harper County,5860
Harvey County,34741
Haskell County,4141
Hodgeman County,1950
Jackson County,13366
Jefferson County,18813
Jewell County,3046
Johnson County,566933
Kearny County,3923
Kingman County,7844
Kiowa County,2523
Labette County,20916
Lane County,1720
Leavenworth County,78185
Lincoln County,3147
Linn County,9516
Logan County,2798
Lyon County,33510
McPherson County,29569
Marion County,12219
Marshall County,10002
Meade County,4343
Miami County,32835
Mitchell County,6378
Montgomery County,34292
Morris County,5741
Morton County,3143
Nemaha County,10161
Neosho County,16430
Ness County,3073
Norton County,5622
Osage County,16142
Osborne County,3818
Ottawa County,6042
Pawnee County,6971
Phillips County,5540
Pottawatomie County,22691
Pratt County,9878
Rawlins County,2589
Reno County,64190
Republic County,4820
Rice County,10011
Riley County,75394
Rooks County,5190
Rush County,3186
Russell County,6933
Saline County,55740
Scott County,5035
Sedgwick County,505415
Seward County,23390
Shawnee County,178831
Sheridan County,2553
Sherman County,6115
Smith County,3706
Stafford County,4359
Stanton County,2194
Stevens County,5816
Sumner County,23591
Thomas County,7948
Trego County,2980
Wabaunsee County,7051
Wallace County,1569
Washington County,5629
Wichita County,2192
Wilson County,9105
Woodson County,3221
Wyandotte County,160384
Adair County,18732
Allen County,20311
Anderson County,21811
Ballard County,8332
Barren County,43027
Bath County,11961
Bell County,27885
Boone County,124442
Bourbon County,19998
Boyd County,48886
Boyle County,29013
Bracken County,8416
Breathitt County,13545
Breckinridge County,20040
Bullitt County,76854
Butler County,12793
Caldwell County,12823
Calloway County,37657
Campbell County,90988
Carlisle County,5001
Carroll County,10953
Carter County,27202
Casey County,16067
Christian County,74167
Clark County,35614
Clay County,21364
Clinton County,10146
Crittenden County,9255
Cumberland County,6789
Daviess County,98218
Edmonson County,12062
Elliott County,7637
Estill County,14488
Fayette County,308428
Fleming County,14508
Floyd County,38728
Franklin County,49648
Fulton County,6385
Gallatin County,8474
Garrard County,16915
Grant County,24753
Graves County,37451
Grayson County,25997
Green County,11180
Greenup County,36519
Hancock County,8687
Hardin County,108191
Harlan County,28499
Harrison County,18518
Hart County,18573
Henderson County,46347
Henry County,15445
Hickman County,4745
Hopkins County,46634
Jackson County,13427
Jefferson County,756832
Jessamine County,50173
Johnson County,23449
Kenton County,163145
Knott County,15976
Knox County,31790
LaRue County,14064
Laurel County,59563
Lawrence County,15856
Lee County,7260
Leslie County,11019
Letcher County,23619
Lewis County,13806
Lincoln County,24370
Livingston County,9359
Logan County,26876
Lyon County,8451
McCracken County,65373
McCreary County,17989
McLean County,9496
Madison County,85590
Magoffin County,12950
Marion County,20045
Marshall County,31107
Martin County,12647
Mason County,17278
Meade County,29210
Menifee County,6288
Mercer County,21349
Metcalfe County,9983
Monroe County,10681
Montgomery County,27251
Morgan County,13380
Muhlenberg County,31179
Nelson County,44540
Nicholas County,7039
Ohio County,23988
Oldham County,62364
Owen County,10662
Owsley County,4654
Pendleton County,14570
Perry County,28010
Pike County,63380
Powell County,12494
Pulaski County,63907
Robertson County,2235
Rockcastle County,16693
Rowan County,23527
Russell County,17752
Scott County,49947
Shelby County,44216
Simpson County,17793
Spencer County,17637
Taylor County,24649
Todd County,12503
Trigg County,14293
Trimble County,8816
Union County,15029
Warren County,118370
Washington County,11875
Wayne County,20678
Webster County,13452
Whitley County,35766
Wolfe County,7248
Woodford County,25275
Acadia Parish,62204
Allen Parish,25537
Ascension Parish,114393
Assumption Parish,23187
Avoyelles Parish,41299
Beauregard Parish,36167
Bienville Parish,13981
Bossier Parish,123823
Caddo Parish,254887
Calcasieu Parish,195296
Caldwell Parish,9989
Cameron Parish,6744
Catahoula Parish,10238
Claiborne Parish,16650
Concordia Parish,20442
De Soto Parish,27083
East Baton Rouge Parish,445227
East Carroll Parish,7529
East Feliciana Parish,19728
Evangeline Parish,33578
Franklin Parish,20571
Grant Parish,22030
Iberia Parish,73878
Iberville Parish,33367
Jackson Parish,16112
Jefferson Parish,434767
Jefferson Davis Parish,31301
Lafayette Parish,230845
Lafourche Parish,97141
LaSalle Parish,14777
Lincoln Parish,47414
Livingston Parish,134053
Madison Parish,11927
Morehouse Parish,27057
Natchitoches Parish,39138
Orleans Parish[q],378715
Ouachita Parish,156220
Plaquemines Parish,23550
Pointe Coupee Parish,22499
Rapides Parish,132723
Red River Parish,8894
Richland Parish,20857
Sabine Parish,24235
St. Bernard Parish,43482
St. Charles Parish,52617
St. Helena Parish,10875
St. James Parish,21752
St. John the Baptist Parish,43761
St. Landry Parish,83454
St. Martin Parish,52936
St. Mary Parish,53543
St. Tammany Parish,242333
Tangipahoa Parish,125412
Tensas Parish,4908
Terrebonne Parish,112749
Union Parish,22344
Vermilion Parish,59253
Vernon Parish,52606
Washington Parish,46419
Webster Parish,40678
West Baton Rouge Parish,24573
West Carroll Parish,11465
West Feliciana Parish,15444
Winn Parish,14813
Androscoggin County,107604
Aroostook County,70055
Cumberland County,285456
Franklin County,30495
Hancock County,54845
Kennebec County,121164
Knox County,39550
Lincoln County,34088
Oxford County,57277
Penobscot County,153364
Piscataquis County,17124
Sagadahoc County,35013
Somerset County,51706
Waldo County,38940
Washington County,32190
York County,199431
Allegany County,73521
Anne Arundel County,555743
Baltimore County,823015
Calvert County,90484
Caroline County,32693
Carroll County,167564
Cecil County,101913
Charles County,152864
Dorchester County,32660
Frederick County,241409
Garrett County,29889
Harford County,249215
Howard County,304580
Kent County,19944
Montgomery County,1016677
Prince George's County,890081
Queen Anne's County,48517
St. Mary's County,109633
Somerset County,26273
Talbot County,37931
Washington County,149588
Wicomico County,100896
Worcester County,51620
Baltimore City[r],622104
Barnstable County,214990
Berkshire County[n],129585
Bristol County,552780
Dukes County,17256
Essex County[n],762550
Franklin County[n],71221
Hampden County[n],467319
Hampshire County[n],159596
Middlesex County[n],1552802
"Nantucket, Town and County of[s]",10399
Norfolk County,687802
Plymouth County,501915
Suffolk County[n],755503
Worcester County[n],809106
Alcona County,10578
Alger County,9522
Allegan County,112531
Alpena County,29091
Antrim County,23370
Arenac County,15487
Baraga County,8695
Barry County,59097
Bay County,106832
Benzie County,17428
Berrien County,155252
Branch County,43649
Calhoun County,135012
Cass County,51910
Charlevoix County,26129
Cheboygan County,25726
Chippewa County,38696
Clare County,30569
Clinton County,76739
Crawford County,13904
Delta County,36905
Dickinson County,26098
Eaton County,108348
Emmet County,33140
Genesee County,415376
Gladwin County,25493
Gogebic County,15916
Grand Traverse County,89987
Gratiot County,41968
Hillsdale County,46101
Houghton County,36225
Huron County,32224
Ingham County,282234
Ionia County,64073
Iosco County,25429
Iron County,11516
Isabella County,70436
Jackson County,160369
Kalamazoo County,256725
Kalkaska County,17196
Kent County,621700
Keweenaw County,2191
Lake County,11386
Lapeer County,88389
Leelanau County,21747
Lenawee County,99188
Livingston County,184443
Luce County,6502
Mackinac County,11061
Macomb County,854769
Manistee County,24450
Marquette County,67700
Mason County,28605
Mecosta County,43108
Menominee County,23791
Midland County,83919
Missaukee County,15051
Monroe County,150376
Montcalm County,63105
Montmorency County,9350
Muskegon County,171008
Newaygo County,48001
Oakland County,1231640
Oceana County,26245
Ogemaw County,21234
Ontonagon County,6322
Osceola County,23259
Oscoda County,8379
Otsego County,24129
Ottawa County,272701
Presque Isle County,13062
Roscommon County,24014
Saginaw County,196542
St. Clair County,160469
St. Joseph County,60964
Sanilac County,41823
Schoolcraft County,8247
Shiawassee County,68900
Tuscola County,54263
Van Buren County,75455
Washtenaw County,354240
Wayne County,1775273
Wexford County,32645
Aitkin County,15742
Anoka County,339534
Becker County,33231
Beltrami County,45670
Benton County,39214
Big Stone County,5122
Blue Earth County,65528
Brown County,25332
Carlton County,35460
Carver County,95562
Cass County,28555
Chippewa County,12093
Chisago County,53761
Clay County,60661
Clearwater County,8838
Cook County,5200
Cottonwood County,11616
Crow Wing County,63208
Dakota County,408509
Dodge County,20349
Douglas County,36545
Faribault County,14191
Fillmore County,20835
Freeborn County,30948
Goodhue County,46464
Grant County,5989
Hennepin County,1198778
Houston County,18799
Hubbard County,20658
Isanti County,38204
Itasca County,45564
Jackson County,10260
Kanabec County,15996
Kandiyohi County,42410
Kittson County,4503
Koochiching County,13206
Lac qui Parle County,7027
Lake County,10777
Lake of the Woods County,3929
Le Sueur County,27810
Lincoln County,5830
Lyon County,25487
McLeod County,35918
Mahnomen County,5532
Marshall County,9425
Martin County,20422
Meeker County,23119
Mille Lacs County,25833
Morrison County,32872
Mower County,39327
Murray County,8533
Nicollet County,33032
Nobles County,21617
Norman County,6631
Olmsted County,149226
Otter Tail County,57581
Pennington County,14118
Pine County,29104
Pipestone County,9270
Polk County,31569
Pope County,10932
Ramsey County,526714
Red Lake County,4057
Redwood County,15744
Renville County,15166
Rice County,65049
Rock County,9520
Roseau County,15520
St. Louis County,200540
Scott County,137232
Sherburne County,90158
Sibley County,15072
Stearns County,152092
Steele County,36465
Stevens County,9735
Swift County,9546
Todd County,24382
Traverse County,3445
Wabasha County,21443
Wadena County,13804
Waseca County,19098
Washington County,246603
Watonwan County,11137
Wilkin County,6557
Winona County,51232
Wright County,128470
Yellow Medicine County,10143
Adams County,32090
Alcorn County,37316
Amite County,12899
Attala County,19317
Benton County,8571
Bolivar County,34049
Calhoun County,14734
Carroll County,10385
Chickasaw County,17311
Choctaw County,8371
Claiborne County,9253
Clarke County,16415
Clay County,20408
Coahoma County,25182
Copiah County,28921
Covington County,19423
DeSoto County,168240
Forrest County,77059
Franklin County,7931
George County,23159
Greene County,14244
Grenada County,21612
Hancock County,45566
Harrison County,196500
Hinds County,244899
Holmes County,18428
Humphreys County,8922
Issaquena County,1395
Itawamba County,23434
Jackson County,140450
Jasper County,16470
Jefferson County,7629
Jefferson Davis County,11948
Jones County,68961
Kemper County,10294
Lafayette County,51318
Lamar County,58801
Lauderdale County,80254
Lawrence County,12514
Leake County,23389
Lee County,85340
Leflore County,31607
Lincoln County,34810
Lowndes County,59922
Madison County,100412
Marion County,26180
Marshall County,36515
Monroe County,36116
Montgomery County,10553
Neshoba County,29507
Newton County,21689
Noxubee County,11089
Oktibbeha County,49043
Panola County,34402
Pearl River County,55072
Perry County,12131
Pike County,40014
Pontotoc County,30897
Prentiss County,25388
Quitman County,7803
Rankin County,146767
Scott County,28273
Sharkey County,4708
Simpson County,27500
Smith County,16225
Stone County,18016
Sunflower County,27997
Tallahatchie County,15081
Tate County,28373
Tippah County,22084
Tishomingo County,19529
Tunica County,10560
Union County,27754
Walthall County,14931
Warren County,48218
Washington County,49688
Wayne County,20539
Webster County,9987
Wilkinson County,9381
Winston County,18788
Yalobusha County,12373
Yazoo County,27883
Adair County,25572
Andrew County,17445
Atchison County,5449
Audrain County,25661
Barry County,35572
Barton County,12275
Bates County,16550
Benton County,18932
Bollinger County,12490
Boone County,170773
Buchanan County,89631
Butler County,43083
Caldwell County,9097
Callaway County,44359
Camden County,43862
Cape Girardeau County,77320
Carroll County,9127
Carter County,6291
Cass County,100641
Cedar County,13913
Chariton County,7628
Christian County,80899
Clark County,6910
Clay County,230473
Clinton County,20571
Cole County,76699
Cooper County,17647
Crawford County,24543
Dade County,7578
Dallas County,16535
Daviess County,8294
DeKalb County,12840
Dent County,15730
Douglas County,13515
Dunklin County,31712
Franklin County,101816
Gasconade County,14901
Gentry County,6775
Greene County,283870
Grundy County,10355
Harrison County,8741
Henry County,22059
Hickory County,9305
Holt County,4568
Howard County,10257
Howell County,40393
Iron County,10344
Jackson County,679996
Jasper County,116398
Jefferson County,221396
Johnson County,54572
Knox County,4067
Laclede County,35667
Lafayette County,32943
Lawrence County,38185
Lewis County,10152
Lincoln County,53860
Linn County,12368
Livingston County,14871
McDonald County,22558
Macon County,15544
Madison County,12431
Maries County,9018
Marion County,28904
Mercer County,3695
Miller County,25092
Mississippi County,14282
Moniteau County,15748
Monroe County,8774
Montgomery County,11965
Morgan County,20265
New Madrid County,18365
Newton County,58845
Nodaway County,23261
Oregon County,10996
Osage County,13688
Ozark County,9560
Pemiscot County,17823
Perry County,19072
Pettis County,42205
Phelps County,44807
Pike County,18669
Platte County,93310
Polk County,30974
Pulaski County,53748
Putnam County,4875
Ralls County,10192
Randolph County,24940
Ray County,23039
Reynolds County,6599
Ripley County,14032
St. Charles County,373495
St. Clair County,9487
Ste. Genevieve County,17778
St. Francois County,66215
St. Louis County,1001444
Saline County,23252
Schuyler County,4358
Scotland County,4921
Scott County,39290
Shannon County,8297
Shelby County,6177
Stoddard County,29780
Stone County,31297
Sullivan County,6448
Taney County,53575
Texas County,25636
Vernon County,20949
Warren County,32999
Washington County,25172
Wayne County,13404
Webster County,36466
Worth County,2090
Wright County,18473
"St. Louis, City of[t]",318416
Beaverhead County,9341
Big Horn County,13042
Blaine County,6604
Broadwater County,5692
Carbon County,10340
Carter County,1174
Cascade County,82384
Chouteau County,5849
Custer County,11951
Daniels County,1791
Dawson County,9445
Deer Lodge County,9329
Fallon County,3079
Fergus County,11501
Flathead County,93068
Gallatin County,94720
Garfield County,1290
Glacier County,13739
Golden Valley County,859
Granite County,3138
Hill County,16568
Jefferson County,11512
Judith Basin County,2016
Lake County,29017
Lewis and Clark County,65338
Liberty County,2369
Lincoln County,19460
McCone County,1709
Madison County,7712
Meagher County,1937
Mineral County,4275
Missoula County,111807
Musselshell County,4629
Park County,15682
Petroleum County,506
Phillips County,4179
Pondera County,6211
Powder River County,1748
Powell County,6993
Prairie County,1179
Ravalli County,40823
Richland County,11214
Roosevelt County,11125
Rosebud County,9329
Sanders County,11363
Sheridan County,3668
Silver Bow County,34523
Stillwater County,9318
Sweet Grass County,3669
Teton County,6065
Toole County,5138
Treasure County,700
Valley County,7630
Wheatland County,2134
Wibaux County,1121
Yellowstone County,154162
Adams County,Nebraska
Antelope County,6456
Arthur County,458
Banner County,759
Blaine County,482
Boone County,5388
Box Butte County,11305
Boyd County,2032
Brown County,2926
Buffalo County,47893
Burt County,6574
Butler County,8312
Cass County,25357
Cedar County,8711
Chase County,4000
Cherry County,5788
Cheyenne County,10091
Clay County,6392
Colfax County,10425
Cuming County,8996
Custer County,10792
Dakota County,20947
Dawes County,9088
Dawson County,24207
Deuel County,1937
Dixon County,5851
Dodge County,36515
Douglas County,537256
Dundy County,1981
Fillmore County,5698
Franklin County,3085
Frontier County,2709
Furnas County,4865
Gage County,21864
Garden County,1902
Garfield County,2035
Gosper County,1972
Grant County,633
Greeley County,2494
Hall County,60720
Hamilton County,9112
Harlan County,3513
Hayes County,976
Hitchcock County,2872
Holt County,10449
Hooker County,738
Howard County,6355
Jefferson County,7560
Johnson County,5144
Kearney County,6548
Keith County,8130
Keya Paha County,790
Kimball County,3702
Knox County,8565
Lancaster County,297036
Lincoln County,36051
Logan County,763
Loup County,576
McPherson County,526
Madison County,35278
Merrick County,7802
Morrill County,4908
Nance County,3623
Nemaha County,7157
Nuckolls County,4413
Otoe County,15752
Pawnee County,2709
Perkins County,2921
Phelps County,9213
Pierce County,7150
Platte County,32505
Polk County,5275
Red Willow County,11006
Richardson County,8125
Rock County,1411
Saline County,14416
Sarpy County,169331
Saunders County,20929
Scotts Bluff County,36848
Seward County,17089
Sheridan County,5251
Sherman County,3106
Sioux County,1313
Stanton County,6133
Thayer County,5189
Thomas County,699
Thurston County,6895
Valley County,4193
Washington County,20223
Wayne County,9411
Webster County,3688
Wheeler County,759
York County,13883
Churchill County,24063
Clark County,2027868
Douglas County,47118
Elko County,52384
Esmeralda County,832
Eureka County,2076
Humboldt County,17363
Lander County,6032
Lincoln County,5245
Lyon County,51557
Mineral County,4614
Nye County,42297
Pershing County,6877
Storey County,3942
Washoe County,433731
White Pine County,10057
"Carson City, Consolidated Municipality of[u]",54080
Belknap County,60179
Carroll County,47499
Cheshire County,76610
Coos County,31997
Grafton County,89629
Hillsborough County,403985
Merrimack County,146849
Rockingham County,299134
Strafford County,124593
Sullivan County,42984
Atlantic County,275862
Bergen County,925328
Burlington County,450838
Camden County,512854
Cape May County,95897
Cumberland County,157332
Essex County,789565
Gloucester County,290265
Hudson County,660282
Hunterdon County,126250
Mercer County,370414
Middlesex County,828919
Monmouth County,629672
Morris County,499397
Ocean County,583414
Passaic County,505672
Salem County,65166
Somerset County,330585
Sussex County,145992
Union County,548256
Warren County,107379
Bernalillo County,674221
Catron County,3607
Chaves County,65823
Cibola County,27335
Colfax County,13094
Curry County,50598
De Baca County,1907
Doña Ana County,213460
Eddy County,55471
Grant County,29328
Guadalupe County,4551
Harding County,693
Hidalgo County,4654
Lea County,68062
Lincoln County,20105
Los Alamos County[v],17798
Luna County,24659
McKinley County,73308
Mora County,4704
Otero County,65616
Quay County,8662
Rio Arriba County,40072
Roosevelt County,19955
Sandoval County,136575
San Juan County,126503
San Miguel County,28541
Santa Fe County,147423
Sierra County,11572
Socorro County,17584
Taos County,33035
Torrance County,15717
Union County,4370
Valencia County,76284
Albany County,306945
Allegany County,48109
Bronx County,1418733
Broome County,197534
Cattaraugus County,78892
Cayuga County,79477
Chautauqua County,133080
Chemung County,88506
Chenango County,49503
Clinton County,81591
Columbia County,62243
Cortland County,48976
Delaware County,46722
Dutchess County,296916
Erie County,919866
Essex County,38762
Franklin County,51688
Fulton County,54586
Genesee County,59454
Greene County,48455
Hamilton County,4773
Herkimer County,64181
Jefferson County,119504
Kings County,2592149
Lewis County,27149
Livingston County,64705
Madison County,72382
Monroe County,749606
Montgomery County,49897
Nassau County,1352146
New York County,1626159
Niagara County,214249
Oneida County,233585
Onondaga County,468387
Ontario County,109103
Orange County,375592
Orleans County,42235
Oswego County,121165
Otsego County,61683
Putnam County,99645
Queens County,2296175
Rensselaer County,159918
Richmond County,472621
Rockland County,320903
St. Lawrence County,111963
Saratoga County,223865
Schenectady County,155333
Schoharie County,31844
Schuyler County,18460
Seneca County,35409
Steuben County,98650
Suffolk County,1499738
Sullivan County,76665
Tioga County,50243
Tompkins County,103617
Ulster County,180998
Warren County,65337
Washington County,63093
Wayne County,92473
Westchester County,968802
Wyoming County,41531
Yates County,25156
Alamance County,154378
Alexander County,36930
Alleghany County,10939
Anson County,26161
Ashe County,27151
Avery County,17713
Beaufort County,47464
Bertie County,20344
Bladen County,34843
Brunswick County,115301
Buncombe County,247912
Burke County,89842
Cabarrus County,187226
Caldwell County,81990
Camden County,10187
Carteret County,68434
Caswell County,23190
Catawba County,154810
Chatham County,66817
Cherokee County,27218
Chowan County,14726
Clay County,10584
Cleveland County,97047
Columbus County,57246
Craven County,104489
Cumberland County,325871
Currituck County,24396
Dare County,35019
Davidson County,163420
Davie County,41554
Duplin County,60084
Durham County,288133
Edgecombe County,55574
Forsyth County,361220
Franklin County,62260
Gaston County,209420
Gates County,11650
Graham County,8736
Granville County,58275
Greene County,21232
Guilford County,506610
Halifax County,53453
Harnett County,124987
Haywood County,59183
Henderson County,109540
Hertford County,24431
Hoke County,51322
Hyde County,5721
Iredell County,164517
Jackson County,40919
Johnston County,177967
Jones County,10215
Lee County,60266
Lenoir County,58914
Lincoln County,79740
McDowell County,44961
Macon County,33857
Madison County,21022
Martin County,23699
Mecklenburg County,1076837
Mitchell County,15328
Montgomery County,27571
Moore County,91587
Nash County,95093
New Hanover County,213267
Northampton County,20839
Onslow County,185220
Orange County,140352
Pamlico County,12953
Pasquotank County,39981
Pender County,55334
Perquimans County,13601
Person County,39276
Pitt County,174263
Polk County,20411
Randolph County,142577
Richmond County,46405
Robeson County,134841
Rockingham County,91878
Rowan County,138323
Rutherford County,66956
Sampson County,64150
Scotland County,36025
Stanly County,60635
Stokes County,46588
Surry County,73050
Swain County,14058
Transylvania County,32903
Tyrrell County,4109
Union County,212756
Vance County,44808
Wake County,1072203
Warren County,20575
Washington County,12722
Watauga County,52372
Wayne County,124583
Wilkes County,69023
Wilson County,81667
Yadkin County,38038
Yancey County,17566
Adams County,2360
Barnes County,11190
Benson County,6877
Billings County,874
Bottineau County,6736
Bowman County,3214
Burke County,2306
Burleigh County,88457
Cass County,162829
Cavalier County,3896
Dickey County,5248
Divide County,2314
Dunn County,4162
Eddy County,2404
Emmons County,3486
Foster County,3366
Golden Valley County,1823
Grand Forks County,69179
Grant County,2377
Griggs County,2296
Hettinger County,2660
Kidder County,2428
LaMoure County,4166
Logan County,1946
McHenry County,5922
McIntosh County,2754
McKenzie County,9314
McLean County,9517
Mercer County,8592
Morton County,28990
Mountrail County,9376
Nelson County,3095
Oliver County,1874
Pembina County,7181
Pierce County,4451
Ramsey County,11554
Ransom County,5516
Renville County,2608
Richland County,16339
Rolette County,14582
Sargent County,3890
Sheridan County,1304
Sioux County,4430
Slope County,761
Stark County,28212
Steele County,1960
Stutsman County,21120
Towner County,2317
Traill County,8245
Walsh County,11104
Ward County,67990
Wells County,4206
Williams County,29595
Northern Islands Municipality[9],Northern Mariana Islands
Rota Municipality,2477
Saipan Municipality,48220
Tinian Municipality,3136
Adams County,28105
Allen County,105298
Ashland County,53043
Ashtabula County,99811
Athens County,64681
Auglaize County,45920
Belmont County,69571
Brown County,44264
Butler County,371272
Carroll County,28275
Champaign County,39455
Clark County,136167
Clermont County,200218
Clinton County,41945
Columbiana County,105893
Coshocton County,36760
Crawford County,42808
Cuyahoga County,1263154
Darke County,52376
Defiance County,38532
Delaware County,184979
Erie County,76048
Fairfield County,148867
Fayette County,28800
Franklin County,1212263
Fulton County,42488
Gallia County,30621
Geauga County,93972
Greene County,163204
Guernsey County,39636
Hamilton County,804520
Hancock County,75773
Hardin County,31641
Harrison County,15622
Henry County,28092
Highland County,43299
Hocking County,28665
Holmes County,43593
Huron County,58889
Jackson County,32783
Jefferson County,67964
Knox County,60810
Lake County,229857
Lawrence County,61917
Licking County,168375
Logan County,45481
Lorain County,302827
Lucas County,436393
Madison County,43277
Mahoning County,233869
Marion County,65905
Medina County,174915
Meigs County,23496
Mercer County,40784
Miami County,103439
Monroe County,14585
Montgomery County,535846
Morgan County,14904
Morrow County,35033
Muskingum County,85231
Noble County,14628
Ottawa County,41153
Paulding County,19254
Perry County,35997
Pickaway County,56304
Pike County,28367
Portage County,163862
Preble County,41732
Putnam County,34088
Richland County,121773
Ross County,77910
Sandusky County,60098
Scioto County,78153
Seneca County,55914
Shelby County,49192
Stark County,375432
Summit County,541824
Trumbull County,206442
Tuscarawas County,92672
Union County,53306
Van Wert County,28459
Vinton County,13276
Warren County,219169
Washington County,61310
Wayne County,115071
Williams County,37500
Wood County,129264
Wyandot County,22447
Adair County,22194
Alfalfa County,5847
Atoka County,13898
Beaver County,5566
Beckham County,23637
Blaine County,9720
Bryan County,44244
Caddo County,29594
Canadian County,126123
Carter County,48491
Cherokee County,48017
Choctaw County,15045
Cimarron County,2335
Cleveland County,269340
Coal County,5867
Comanche County,124937
Cotton County,6152
Craig County,14672
Creek County,70470
Custer County,29377
Delaware County,41377
Dewey County,4844
Ellis County,4170
Garfield County,62267
Garvin County,27334
Grady County,53685
Grant County,4528
Greer County,6171
Harmon County,2869
Harper County,3813
Haskell County,13052
Hughes County,13823
Jackson County,26088
Jefferson County,6432
Johnston County,10990
Kay County,45633
Kingfisher County,15276
Kiowa County,9341
Latimer County,10775
Le Flore County,49774
Lincoln County,34351
Logan County,44422
Love County,9742
McClain County,36511
McCurtain County,33065
McIntosh County,20493
Major County,7683
Marshall County,15988
Mayes County,40804
Murray County,13712
Muskogee County,70303
Noble County,11446
Nowata County,10555
Okfuskee County,12377
Oklahoma County,755245
Okmulgee County,39438
Osage County,47987
Ottawa County,32245
Pawnee County,16513
Payne County,79066
Pittsburg County,44703
Pontotoc County,37992
Pottawatomie County,71158
Pushmataha County,11233
Roger Mills County,3743
Rogers County,89044
Seminole County,25426
Sequoyah County,41218
Stephens County,44919
Texas County,22081
Tillman County,7711
Tulsa County,622409
Wagoner County,75700
Washington County,51577
Washita County,11678
Woods County,9041
Woodward County,21221
Baker County,16018
Benton County,86591
Clackamas County,388263
Clatsop County,37244
Columbia County,49344
Coos County,62282
Crook County,20815
Curry County,22339
Deschutes County,165954
Douglas County,106940
Gilliam County,1947
Grant County,7283
Harney County,7146
Hood River County,22675
Jackson County,208545
Jefferson County,21145
Josephine County,83306
Klamath County,65910
Lake County,7820
Lane County,356212
Lincoln County,46350
Linn County,118765
Malheur County,30479
Marion County,323614
Morrow County,11336
Multnomah County,766135
Polk County,76794
Sherman County,1731
Tillamook County,25317
Umatilla County,76720
Union County,25652
Wallowa County,6814
Wasco County,25477
Washington County,554996
Wheeler County,1381
Yamhill County,100725
Adams County,101546
Allegheny County,1231527
Armstrong County,68107
Beaver County,170115
Bedford County,49055
Berks County,413521
Blair County,126314
Bradford County,62316
Bucks County,626976
Butler County,185476
Cambria County,140499
Cameron County,4886
Carbon County,64786
Centre County,155403
Chester County,509468
Clarion County,39155
Clearfield County,81174
Clinton County,39954
Columbia County,66797
Crawford County,87376
Cumberland County,241212
Dauphin County,270937
Delaware County,561973
Elk County,31479
Erie County,280294
Fayette County,134999
Forest County,7631
Franklin County,152085
Fulton County,14670
Greene County,37838
Huntingdon County,45694
Indiana County,87745
Jefferson County,44966
Juniata County,24768
Lackawanna County,213931
Lancaster County,529600
Lawrence County,89333
Lebanon County,135486
Lehigh County,355092
Luzerne County,320103
Lycoming County,116754
McKean County,42979
Mercer County,115195
Mifflin County,46616
Monroe County,167148
Montgomery County,812376
Montour County,18541
Northampton County,299791
Northumberland County,94076
Perry County,45562
Philadelphia County[w],1553165
Pike County,56591
Potter County,17497
Schuylkill County,146920
Snyder County,39865
Somerset County,76520
Sullivan County,6351
Susquehanna County,42286
Tioga County,42463
Union County,44867
Venango County,53907
Warren County,40885
Washington County,208206
Wayne County,51548
Westmoreland County,362437
Wyoming County,28003
York County,438965
Adjuntas Municipality,19483
Aguada Municipality,41959
Aguadilla Municipality,54582
Aguas Buenas Municipality,28659
Aibonito Municipality,25900
Añasco Municipality,29261
Arecibo Municipality,96440
Arroyo Municipality,19575
Barceloneta Municipality,24816
Barranquitas Municipality,30318
Bayamón Municipality,208116
Cabo Rojo Municipality,50917
Caguas Municipality,142893
Camuy Municipality,35159
Canóvanas Municipality,47648
Carolina Municipality,176762
Cataño Municipality,28140
Cayey Municipality,48119
Ceiba Municipality,13631
Ciales Municipality,18782
Cidra Municipality,43480
Coamo Municipality,40512
Comerío Municipality,20778
Corozal Municipality,37142
Culebra Municipality,1818
Dorado Municipality,38165
Fajardo Municipality,36993
Florida Municipality,12680
Guánica Municipality,19427
Guayama Municipality,45362
Guayanilla Municipality,21581
Guaynabo Municipality,97924
Gurabo Municipality,45369
Hatillo Municipality,41953
Hormigueros Municipality,17250
Humacao Municipality,58466
Isabela Municipality,45631
Jayuya Municipality,16642
Juana Díaz Municipality,79897
Juncos Municipality,40290
Lajas Municipality,25753
Lares Municipality,30753
Las Marías Municipality,9881
Las Piedras Municipality,38675
Loíza Municipality,30060
Luquillo Municipality,20068
Manatí Municipality,44113
Maricao Municipality,6276
Maunabo Municipality,12225
Mayagüez Municipality,89080
Moca Municipality,40109
Morovis Municipality,32610
Naguabo Municipality,26720
Naranjito Municipality,30402
Orocovis Municipality,23423
Patillas Municipality,19277
Peñuelas Municipality,24282
Ponce Municipality,166327
Quebradillas Municipality,25919
Rincón Municipality,15200
Río Grande Municipality,54304
Sabana Grande Municipality,25265
Salinas Municipality,31078
San Germán Municipality,35527
San Juan Municipality,395326
San Lorenzo Municipality,41058
San Sebastián Municipality,42430
Santa Isabel Municipality,23274
Toa Alta Municipality,74066
Toa Baja Municipality,89609
Trujillo Alto Municipality,74842
Utuado Municipality,33149
Vega Alta Municipality,39951
Vega Baja Municipality,59662
Vieques Municipality,9301
Villalba Municipality,26073
Yabucoa Municipality,37941
Yauco Municipality,42043
Bristol County[n],49220
Kent County[n],165035
Newport County[n],82397
Providence County[n],628600
Washington County[n],126259
Abbeville County,South Carolina
Aiken County,164176
Allendale County,9839
Anderson County,190641
Bamberg County,15430
Barnwell County,22119
Beaufort County,171838
Berkeley County,194020
Calhoun County,15055
Charleston County,372803
Cherokee County,55885
Chester County,32578
Chesterfield County,46197
Clarendon County,34355
Colleton County,37788
Darlington County,67935
Dillon County,31229
Dorchester County,145397
Edgefield County,26436
Fairfield County,23109
Florence County,138326
Georgetown County,60440
Greenville County,474266
Greenwood County,69723
Hampton County,20408
Horry County,289650
Jasper County,26629
Kershaw County,62516
Lancaster County,80458
Laurens County,66229
Lee County,18347
Lexington County,273752
McCormick County,9947
Marion County,32072
Marlboro County,28003
Newberry County,37521
Oconee County,75045
Orangeburg County,90942
Pickens County,119829
Richland County,399256
Saluda County,20091
Spartanburg County,290969
Sumter County,108123
Union County,28030
Williamsburg County,33067
York County,239363
Aurora County,2720
Beadle County,18080
Bennett County,3452
Bon Homme County,7046
Brookings County,32968
Brown County,37907
Brule County,5366
Buffalo County,2024
Butte County,10330
Campbell County,1334
Charles Mix County,9241
Clark County,3610
Clay County,13935
Codington County,27853
Corson County,4215
Custer County,8468
Davison County,19823
Day County,5596
Deuel County,4320
Dewey County,5586
Douglas County,3023
Edmunds County,4041
Fall River County,6839
Faulk County,2386
Grant County,7281
Gregory County,4242
Haakon County,1894
Hamlin County,5961
Hand County,3391
Hanson County,3405
Harding County,1262
Hughes County,17508
Hutchinson County,7145
Hyde County,1391
Jackson County,3216
Jerauld County,2066
Jones County,1001
Kingsbury County,5065
Lake County,12055
Lawrence County,24910
Lincoln County,49858
Lyman County,3892
McCook County,5654
McPherson County,2457
Marshall County,4763
Meade County,27202
Mellette County,2081
Miner County,2333
Minnehaha County,179640
Moody County,6404
Oglala Lakota County,14118
Pennington County,105761
Perkins County,3037
Potter County,2394
Roberts County,10251
Sanborn County,2324
Spink County,6610
Stanley County,2981
Sully County,1437
Todd County,9982
Tripp County,5498
Turner County,8361
Union County,14829
Walworth County,5524
Yankton County,22696
Ziebach County,2834
Anderson County,75542
Bedford County,45901
Benton County,16290
Bledsoe County,12841
Blount County,125099
Bradley County,101848
Campbell County,40238
Cannon County,13775
Carroll County,28513
Carter County,57338
Cheatham County,39492
Chester County,17321
Claiborne County,31560
Clay County,7774
Cocke County,35479
Coffee County,53357
Crockett County,14591
Cumberland County,57466
Davidson County,658602
Decatur County,11661
DeKalb County,19164
Dickson County,50266
Dyer County,38213
Fayette County,38690
Fentress County,17909
Franklin County,41129
Gibson County,49457
Giles County,28746
Grainger County,22702
Greene County,68267
Grundy County,13498
Hamblen County,63074
Hamilton County,348673
Hancock County,6679
Hardeman County,26306
Hardin County,26034
Hawkins County,56800
Haywood County,18224
Henderson County,28048
Henry County,32210
Hickman County,24267
Houston County,8292
Humphreys County,18243
Jackson County,11517
Jefferson County,52123
Johnson County,17977
Knox County,444622
Lake County,7731
Lauderdale County,27795
Lawrence County,41990
Lewis County,11961
Lincoln County,33633
Loudon County,50448
McMinn County,52341
McNairy County,26140
Macon County,22701
Madison County,98733
Marion County,28374
Marshall County,31130
Maury County,83761
Meigs County,11649
Monroe County,45265
Montgomery County,184119
Moore County,6301
Morgan County,21915
Obion County,31131
Overton County,22075
Perry County,7869
Pickett County,5090
Polk County,16690
Putnam County,73525
Rhea County,32513
Roane County,53047
Robertson County,67383
Rutherford County,281029
Scott County,22015
Sequatchie County,14681
Sevier County,93570
Shelby County,939465
Smith County,19074
Stewart County,13362
Sullivan County,156595
Sumner County,168888
Tipton County,61586
Trousdale County,7828
Unicoi County,18082
Union County,19102
Van Buren County,5583
Warren County,39965
Washington County,125546
Wayne County,16939
Weakley County,34450
White County,26244
Williamson County,198901
Wilson County,121945
Anderson County,57938
Andrews County,16799
Angelina County,87441
Aransas County,24356
Archer County,8681
Armstrong County,1949
Atascosa County,47093
Austin County,28847
Bailey County,7114
Bandera County,20601
Bastrop County,75825
Baylor County,3614
Bee County,32799
Bell County,326843
Bexar County,1817610
Blanco County,10723
Borden County,637
Bosque County,17855
Bowie County,93487
Brazoria County,330242
Brazos County,203164
Brewster County,9286
Briscoe County,1537
Brooks County,7237
Brown County,37749
Burleson County,17169
Burnet County,43823
Caldwell County,39232
Calhoun County,21806
Callahan County,13525
Cameron County,417276
Camp County,12413
Carson County,6010
Cass County,30331
Castro County,8030
Chambers County,36812
Cherokee County,50878
Childress County,7095
Clay County,10473
Cochran County,3016
Coke County,3210
Coleman County,8543
Collin County,854778
Collingsworth County,3099
Colorado County,20752
Comal County,118480
Comanche County,13623
Concho County,4043
Cooke County,38467
Coryell County,76192
Cottle County,1452
Crane County,4773
Crockett County,3807
Crosby County,5991
Culberson County,2277
Dallam County,7057
Dallas County,2480331
Dawson County,13810
Deaf Smith County,19177
Delta County,5238
Denton County,728799
DeWitt County,20503
Dickens County,2291
Dimmit County,10897
Donley County,3522
Duval County,11640
Eastland County,18245
Ector County,149378
Edwards County,1884
Ellis County,155976
El Paso County,827718
Erath County,39658
Falls County,17493
Fannin County,33659
Fayette County,24821
Fisher County,3856
Floyd County,6230
Foard County,1277
Fort Bend County,652365
Franklin County,10660
Freestone County,19646
Frio County,18065
Gaines County,18921
Galveston County,306782
Garza County,6317
Gillespie County,25357
Glasscock County,1251
Goliad County,7465
Gonzales County,20312
Gray County,23043
Grayson County,122353
Gregg County,123024
Grimes County,26859
Guadalupe County,143183
Hale County,35764
Hall County,3239
Hamilton County,8310
Hansford County,5555
Hardeman County,4016
Hardin County,55417
Harris County,4336853
Harrison County,66886
Hartley County,6100
Haskell County,5875
Hays County,176026
Hemphill County,4158
Henderson County,78675
Hidalgo County,815996
Hill County,34823
Hockley County,23530
Hood County,52905
Hopkins County,35565
Houston County,22911
Howard County,36147
Hudspeth County,3318
Hunt County,87048
Hutchinson County,21819
Irion County,1612
Jack County,8957
Jackson County,14591
Jasper County,35649
Jeff Davis County,2253
Jefferson County,252358
Jim Hogg County,5245
Jim Wells County,41680
Johnson County,154707
Jones County,19859
Karnes County,15081
Kaufman County,108568
Kendall County,37766
Kenedy County,412
Kent County,807
Kerr County,49953
Kimble County,4481
King County,285
Kinney County,3586
Kleberg County,32101
Knox County,3767
Lamar County,49426
Lamb County,13775
Lampasas County,20222
La Salle County,7369
Lavaca County,19581
Lee County,16628
Leon County,16742
Liberty County,76907
Limestone County,23326
Lipscomb County,3485
Live Oak County,11867
Llano County,19444
Loving County,95
Lubbock County,289324
Lynn County,5723
McCulloch County,8330
McLennan County,241481
McMullen County,764
Madison County,13781
Marion County,10235
Martin County,5312
Mason County,4128
Matagorda County,36592
Maverick County,55932
Medina County,47399
Menard County,2148
Midland County,151468
Milam County,24167
Mills County,4907
Mitchell County,9402
Montague County,19503
Montgomery County,499137
Moore County,22141
Morris County,12834
Motley County,1196
Nacogdoches County,65330
Navarro County,48038
Newton County,14140
Nolan County,15037
Nueces County,352107
Ochiltree County,10806
Oldham County,2102
Orange County,82957
Palo Pinto County,27889
Panola County,23870
Parker County,121418
Parmer County,9965
Pecos County,15697
Polk County,45790
Potter County,121661
Presidio County,7201
Rains County,11065
Randall County,126474
Reagan County,3601
Real County,3350
Red River County,12470
Reeves County,13965
Refugio County,7305
Roberts County,831
Robertson County,16486
Rockwall County,85245
Runnels County,10309
Rusk County,53622
Sabine County,10361
San Augustine County,8769
San Jacinto County,26856
San Patricio County,66137
San Saba County,6012
Schleicher County,3206
Scurry County,17302
Shackelford County,3375
Shelby County,25792
Sherman County,3093
Smith County,216080
Somervell County,8658
Starr County,61963
Stephens County,9247
Sterling County,1219
Stonewall County,1432
Sutton County,4006
Swisher County,7763
Tarrant County,1911541
Taylor County,134117
Terrell County,903
Terry County,12743
Throckmorton County,1600
Titus County,32581
Tom Green County,114954
Travis County,1120954
Trinity County,14393
Tyler County,21464
Upshur County,39884
Upton County,3372
Uvalde County,26926
Val Verde County,48623
Van Zandt County,52481
Victoria County,90028
Walker County,68817
Waller County,45213
Ward County,11244
Washington County,34147
Webb County,262495
Wharton County,41216
Wheeler County,5751
Wichita County,132047
Wilbarger County,13131
Willacy County,21921
Williamson County,471014
Wilson County,45418
Winkler County,7606
Wise County,60939
Wood County,42306
Yoakum County,8184
Young County,18341
Zapata County,14390
Zavala County,12156
Baker Island[8][x],0
Howland Island[x],0
Jarvis Island[x],0
Johnston Atoll[x],0
Kingman Reef[x],0
Midway Islands[x],40
Navassa Island[x],0
Palmyra Atoll[x],20
Wake Island[x],100
Beaver County,6459
Box Elder County,50794
Cache County,116909
Carbon County,20988
Daggett County,1127
Davis County,322094
Duchesne County,20308
Emery County,10749
Garfield County,5083
Grand County,9360
Iron County,46780
Juab County,10348
Kane County,7260
Millard County,12662
Morgan County,10173
Piute County,1510
Rich County,2288
Salt Lake County,1079721
San Juan County,14973
Sanpete County,28237
Sevier County,20852
Summit County,38486
Tooele County,60762
Uintah County,35555
Utah County,551891
Wasatch County,26437
Washington County,147800
Wayne County,2747
Weber County,238519
Addison County,36791
Bennington County,36659
Caledonia County,31157
Chittenden County,159515
Essex County,6211
Franklin County,48294
Grand Isle County,6987
Lamoille County,25067
Orange County,28915
Orleans County,27169
Rutland County,60622
Washington County,59319
Windham County,43857
Windsor County,56067
Saint Croix Island[9],50601
Saint John Island,4170
Saint Thomas Island,51634
Accomack County,33148
Albemarle County,103000
Alleghany County,16161
Amelia County,12745
Amherst County,32178
Appomattox County,15255
Arlington County,224906
Augusta County,73912
Bath County,4616
Bedford County[y],75773
Bland County,6735
Botetourt County,33002
Brunswick County,16973
Buchanan County,23597
Buckingham County,17136
Campbell County,55235
Caroline County,29298
Carroll County,29883
Charles City County,7130
Charlotte County,12305
Chesterfield County,327745
Clarke County,14348
Craig County,5210
Culpeper County,48506
Cumberland County,9841
Dickenson County,15486
Dinwiddie County,27904
Essex County,11229
Fairfax County,1130924
Fauquier County,67207
Floyd County,15528
Fluvanna County,25977
Franklin County,56335
Frederick County,81319
Giles County,16925
Gloucester County,36834
Goochland County,21626
Grayson County,15161
Greene County,18804
Greensville County,11886
Halifax County,35401
Hanover County,101330
Henrico County,318611
Henry County,52617
Highland County,2215
Isle of Wight County,35656
James City County,70516
King and Queen County,7130
King George County,24926
King William County,16097
Lancaster County,11148
Lee County,25185
Loudoun County,349679
Louisa County,33945
Lunenburg County,12527
Madison County,13200
Mathews County,8897
Mecklenburg County,31426
Middlesex County,10762
Montgomery County,96207
Nelson County,14789
New Kent County,19507
Northampton County,12125
Northumberland County,12200
Nottoway County,15773
Orange County,34689
Page County,23821
Patrick County,18368
Pittsylvania County,62426
Powhatan County,28259
Prince Edward County,22802
Prince George County,37253
Prince William County,438580
Pulaski County,34507
Rappahannock County,7478
Richmond County,8953
Roanoke County,93524
Rockbridge County,22307
Rockingham County,77741
Russell County,28264
Scott County,22640
Shenandoah County,42684
Smyth County,31652
Southampton County,18128
Spotsylvania County,127348
Stafford County,136788
Surry County,6765
Sussex County,11810
Tazewell County,44103
Warren County,38699
Washington County,54907
Westmoreland County,17612
Wise County,40589
Wythe County,29344
York County,66269
"Alexandria, City of[z]",148892
"Bristol, City of[z]",17341
"Buena Vista, City of[z]",6680
"Charlottesville, City of[z]",44349
"Chesapeake, City of[z]",230571
"Colonial Heights, City of[z]",17634
"Covington, City of[z]",5818
"Danville, City of[z]",42907
"Emporia, City of[z]",5588
"Fairfax, City of[z]",23973
"Falls Church, City of[z]",13508
"Franklin, City of[z]",8638
"Fredericksburg, City of[z]",28132
"Galax, City of[z]",7035
"Hampton, City of[z]",136699
"Harrisonburg, City of[z]",51395
"Hopewell, City of[z]",22163
"Lexington, City of[z]",7170
"Lynchburg, City of[z]",78014
"Manassas, City of[z]",41705
"Manassas Park, City of[z]",16149
"Martinsville, City of[z]",13755
"Newport News, City of[z]",182020
"Norfolk, City of[z]",246139
"Norton, City of[z]",4017
"Petersburg, City of[z]",32538
"Poquoson, City of[z]",12104
"Portsmouth, City of[z]",96205
"Radford, City of[z]",17184
"Richmond, City of[z]",214114
"Roanoke, City of[z]",98465
"Salem, City of[z]",25299
"Staunton, City of[z]",24350
"Suffolk, City of[z]",85728
"Virginia Beach, City of[z]",448479
"Waynesboro, City of[z]",21263
"Williamsburg, City of[z]",15206
"Winchester, City of[z]",27216
Adams County,19067
Asotin County,22110
Benton County,184486
Chelan County,73967
Clallam County,72312
Clark County,443817
Columbia County,4032
Cowlitz County,101860
Douglas County,39471
Ferry County,7646
Franklin County,86638
Garfield County,2256
Grant County,91878
Grays Harbor County,71078
Island County,78801
Jefferson County,30076
King County,2044449
Kitsap County,253968
Kittitas County,41765
Klickitat County,20866
Lewis County,75081
Lincoln County,10301
Mason County,60497
Okanogan County,41193
Pacific County,20498
Pend Oreille County,12896
Pierce County,819743
San Juan County,15875
Skagit County,118837
Skamania County,11274
Snohomish County,745913
Spokane County,479398
Stevens County,43430
Thurston County,262388
Wahkiakum County,4042
Walla Walla County,59530
Whatcom County,206353
Whitman County,46570
Yakima County,247044
Barbour County,16770
Berkeley County,108706
Boone County,24224
Braxton County,14502
Brooke County,23737
Cabell County,97133
Calhoun County,7564
Clay County,9244
Doddridge County,8344
Fayette County,45599
Gilmer County,8672
Grant County,11759
Greenbrier County,35644
Hampshire County,23445
Hancock County,30291
Hardy County,13920
Harrison County,68972
Jackson County,29178
Jefferson County,55073
Kanawha County,191275
Lewis County,16452
Lincoln County,21559
Logan County,35987
McDowell County,20876
Marion County,56868
Marshall County,32459
Mason County,27126
Mercer County,61984
Mineral County,27704
Mingo County,25900
Monongalia County,102274
Monroe County,13483
Morgan County,17498
Nicholas County,25965
Ohio County,43727
Pendleton County,7471
Pleasants County,7577
Pocahontas County,8669
Preston County,33859
Putnam County,56650
Raleigh County,78833
Randolph County,29415
Ritchie County,10073
Roane County,14656
Summers County,13563
Taylor County,16973
Tucker County,6968
Tyler County,8995
Upshur County,24665
Wayne County,41437
Webster County,8893
Wetzel County,16204
Wirt County,5901
Wood County,86569
Wyoming County,23019
Adams County,20480
Ashland County,16016
Barron County,45676
Bayfield County,15156
Brown County,254586
Buffalo County,13357
Burnett County,15333
Calumet County,49617
Chippewa County,63132
Clark County,34615
Columbia County,56653
Crawford County,16397
Dane County,509939
Dodge County,88344
Door County,27896
Douglas County,43887
Dunn County,44122
Eau Claire County,101438
Florence County,4520
Fond du Lac County,101798
Forest County,9126
Grant County,51069
Green County,37090
Green Lake County,18959
Iowa County,23749
Iron County,5886
Jackson County,20644
Jefferson County,84509
Juneau County,26547
Kenosha County,167757
Kewaunee County,20505
La Crosse County,116713
Lafayette County,16766
Langlade County,19575
Lincoln County,28684
Manitowoc County,80654
Marathon County,135416
Marinette County,41610
Marquette County,15176
Menominee County,4317
Milwaukee County,956023
Monroe County,45298
Oconto County,37318
Oneida County,35689
Outagamie County,180345
Ozaukee County,87054
Pepin County,7360
Pierce County,40976
Polk County,43476
Portage County,70380
Price County,13802
Racine County,195041
Richland County,17717
Rock County,160739
Rusk County,14395
St. Croix County,85930
Sauk County,63162
Sawyer County,16513
Shawano County,41643
Sheboygan County,114922
Taylor County,20610
Trempealeau County,29582
Vernon County,30329
Vilas County,21368
Walworth County,102945
Washburn County,15686
Washington County,132739
Waukesha County,393843
Waupaca County,52285
Waushara County,24329
Winnebago County,169541
Wood County,73959
Albany County,37422
Big Horn County,11994
Campbell County,48176
Carbon County,15748
Converse County,14313
Crook County,7184
Fremont County,40998
Goshen County,13612
Hot Springs County,4847
Johnson County,8628
Laramie County,95809
Lincoln County,18364
Natrona County,80973
Niobrara County,2541
Park County,29227
Platte County,8765
Sheridan County,29824
Sublette County,10041
Sweetwater County,45237
Teton County,22268
Uinta County,21066
Washakie County,8463
Weston County,7158